route,rolling_mean_alarms,rolling_std_alarms,total_alarms,n_records,alert_rate,z_score,ratio_to_baseline,anomaly_score,is_outlier
add→fco,3138.0,845.2158924825441,3138.0,29,108.20689655172414,2.854137648683436,1.0,6281.854137648684,True
auh→fco,3083.0,845.2158924825441,3083.0,41,75.1951219512195,2.7890655168302882,1.0,6171.78906551683,True
eze→fco,3202.0,845.2158924825441,3202.0,31,103.29032258064515,2.9298579475670987,1.0,6409.929857947567,True
gru→fco,3029.0,845.2158924825441,3029.0,41,73.8780487804878,2.725176514647198,1.0,6063.7251765146475,True
