dataset,group_key,group_volume,n_records,rate,baseline_mean,baseline_std,ratio_to_baseline,if_anomaly,if_score_norm,lof_anomaly,lof_score_norm,zscore_anomaly,z_score_norm,anomaly_votes,anomaly_score,is_outlier
allarmi_raw,lcy|flr,100605.0,27,3726.1111111111113,3726.1111111111113,19240.361875561593,27.0,True,1.0,True,7.296893402467692e-07,True,0.9740487722978629,3,1.9740495019872033,True
allarmi_raw,lgw|mxp,103255.0,86,1200.639534883721,1200.639534883721,10779.207843766835,86.0,True,0.9375515529424384,True,5.434008207991688e-07,True,1.0,3,1.9375520963432593,True
tipologia_raw,tia|blq,30750.0,231,133.11688311688312,134.8684210526316,657.0884921952822,227.99999999999997,True,0.9354495123182914,False,1.514663456448532e-11,True,1.0,2,1.935449512333438,True
tipologia_raw,tia|bgy,25936.0,297,87.32659932659932,88.21768707482993,28.386416259880676,294.0,True,0.7500792504884365,False,1.27697553542985e-11,True,0.841098297274562,2,1.5911775477757684,True
tipologia_raw,tia|fco,14655.0,227,64.55947136563877,66.01351351351352,44.202074000779696,222.0,True,0.7125879905968828,False,1.0550911838044661e-11,True,0.4687322589601316,2,1.1813202495675652,True
tipologia_raw,stn|bgy,10160.0,106,95.8490566037736,97.6923076923077,980.3298442031636,104.0,True,0.8411704629281795,False,1.4861824689109806e-11,True,0.3203601871381864,2,1.1615306500812277,True
tipologia_raw,tia|tsf,11991.0,176,68.13068181818181,70.53529411764706,51.66633323120535,170.0,True,0.7066435431989188,False,1.2361739394097364e-11,True,0.3807982880293948,2,1.0874418312406753,True
allarmi_raw,tun|blq,10534.0,12,877.8333333333334,877.8333333333334,2873.2021361455786,12.0,True,0.864972493599759,True,1.4602766220622752e-07,False,0.09199102499250922,2,0.9569636646199304,True
tipologia_raw,tia|trn,8599.0,80,107.4875,107.4875,35.68745968097215,80.0,True,0.6865101797753564,False,1.160487029534034e-11,True,0.2688343130304986,2,0.9553444928174599,True
