dataset,group_key,group_volume,n_records,rate,baseline_mean,baseline_std,z_score,ratio_to_baseline,anomaly_score,is_outlier
allarmi_raw,fco|1,24638.0,604,40.79139072847682,42.333333333333336,84.15021538464919,1.5484242147486231,582.0,582.5484242147486,True
allarmi_raw,fco|2,28390.0,565,50.24778761061947,51.901279707495426,94.09105041176927,1.8171498254585718,547.0,547.8171498254586,True
