dataset,group_key,group_volume,n_records,rate,baseline_mean,baseline_std,z_score,ratio_to_baseline,if_anomaly,lof_anomaly,zscore_anomaly,anomaly_votes,anomaly_score,is_outlier
allarmi_raw,lcy|flr,100605.0,27,3726.1111111111113,3726.1111111111113,19240.361875561593,13.186519484839224,27.0,True,True,True,3,1.9740495012977786,True
allarmi_raw,lgw|mxp,103255.0,86,1200.639534883721,1200.639534883721,10779.207843766835,13.53784314424598,86.0,True,True,True,3,1.9375500014963483,True
tipologia_raw,tia|vrn,6966.0,90,77.4,78.26966292134831,528.1920011623903,13.222660224689681,89.0,True,False,True,2,2.0000000127618573,True
tipologia_raw,tia|bgy,4793.0,297,16.13804713804714,16.358361774744026,16.330215294159544,9.049568457344687,293.0,True,False,True,2,1.3940222842007826,True
tipologia_raw,tia|blq,4138.0,231,17.913419913419915,18.149122807017545,16.108788996308295,7.791687597882667,228.0,True,False,True,2,1.282996417437733,True
tipologia_raw,tia|psa,3762.0,199,18.90452261306533,19.492227979274613,17.284723255843236,7.069606371687676,192.99999999999997,True,False,True,2,1.2389973622378019,True
tipologia_raw,tia|mxp,3282.0,220,14.918181818181818,15.194444444444445,16.522265925648014,6.147800551013217,216.0,True,False,True,2,1.1260078215953369,True
tipologia_raw,tia|tsf,2239.0,176,12.721590909090908,12.867816091954024,15.172983247750016,4.144793319839343,173.99999999999997,True,False,True,2,0.96379545992815,True
allarmi_raw,tun|blq,10534.0,12,877.8333333333334,877.8333333333334,2873.2021361455786,1.245359739018122,12.0,True,True,False,2,0.9569591108385235,True
