dataset,group_key,group_volume,n_records,rate,baseline_mean,baseline_std,z_score,ratio_to_baseline,anomaly_score,is_outlier,risk_score,risk_level,risk_reason
tipologia_raw,tia|1,18174.0,1236,14.70388349514563,14.995049504950495,17.671279780039537,11.77145278716837,1212.0,1222.7714527871683,True,100.0,HIGH,"Group tia|1 shows a z-score of 11.8, indicating volume 11.8 times above the population average for dataset tipologia_raw."
tipologia_raw,tia|2,17425.0,1004,17.355577689243027,17.547834843907353,159.2100394799732,11.282550809163846,993.0,1003.2825508091636,True,77.21114685013585,HIGH,"Group tia|2 shows a z-score of 11.3, indicating volume 11.3 times above the population average for dataset tipologia_raw."
allarmi_raw,tia|1,12164.0,322,37.77639751552795,38.25157232704402,60.120223249558634,8.5808129204145,318.0,325.5808129204145,True,6.847473584769159,LOW,Minor deviation from baseline; monitor for trend changes.
allarmi_raw,tia|2,8172.0,259,31.55212355212355,32.04705882352941,60.15162715329851,5.629953148722343,255.0,259.62995314872234,True,0.0,LOW,Minor deviation from baseline; monitor for trend changes.
